{"/N5aF7gR216Q90RN/Csm8g==":"frame-49.png","uNg/rZsnrfBzlQY/r+g6mg==":"mae-mu-xtrl02zuzxe-unsplash.jpg","3LVnfsLx8kl6oxYj7rpjDA==":"kevin-cloney-2zak5fp-p3o-unsplash.jpg","Yn09DldbgJ/yjp8iXxTHkg==":"pawel-czerwinski-ywiowhvrbvu-unsplash.jpg","s7EhEEN2by/KVCWK/ZmJ8w==":"daniela-diaz-u0lqnabx2he-unsplash.jpg","pdEiofDqWPvrDZftBf7OeQ==":"milad-fakurian-wnshbf-btbo-unsplash.jpg","djb2qbT3QKn2F7AdMAmIFQ==":"creator-2.png","w870wSnM/Do1YUrTkQMqWQ==":"creator-1.png","0OIw3RC0u73LGSNHIvk/vw==":"creator-portfolio.png","cAMx4wQJ+rh7UzXBdez6Sw==":"leilani-angel-k84vnnzxmtq-unsplash-cr.jpg","+ASp0Q6eoQGu26QQOA8SvQ==":"simon-lee-ynmpy1mlwms-unsplash.jpeg","WiQ59BGKzCyvdpq4JhEfPQ==":"milad-fakurian-pjg-sxdkpwq-unsplash-cr.jpg","+NQf6rEl6/eoTPi93iEj9A==":"milad-fakurian-bmsa5-tlfao-unsplash.jpg","yb6xHVi4NWTdV+D5N/SUKA==":"pawel-czerwinski-5kbadjivruc-unsplash1.jpg","XZ0x/sVOY2qDFMeipJyijA==":"gallery1.jpg","Lf/WoVi5L3Qnp6b23+MiVQ==":"gallery2.jpg","9F2RI94x1lAYvHz8QWyhHg==":"gallery3.jpg","xG7DVvXBC1Fmf5QXEl1FSA==":"gallery4.jpg","RiI4xwAZbTgeiHYklAjRhQ==":"gallery5.jpg","oxHqLzMeFvuCE9s/7onulw==":"gallery6.jpg","YQmv+gmgkTMVfi5ltjpaQA==":"gallery7.jpg","+dY6x6tL4GrzFaK5K1Ldiw==":"gallery8.jpg","sb1ebvdGD6YjhV3q5LcXDQ==":"logo1.png","XzvYanrvNf6uV5iBsDaqhA==":"logo2.png","k3Kh7npmUp7c3OImhp6I2A==":"leilani-angel-k84vnnzxmtq-unsplash-cr-1.jpg","RERI+mcfkkZA5EFBuAyzJg==":"img_6350-removebg-preview-259x298.png","9+4Jei5+H+xhXK96sM8RdA==":"img_6350-removebg-preview-1-259x298.png","YEkB5Fi75yQJz7jiTbASzA==":"img-6350-51x59.jpg","dq/FUmr4a0/TUbSq1kl37g==":"1111.tif","Sap1o2gYpAUHRQJARad9cA==":"img-6351-453x272.jpg","y3Y6Phauy/86nK0hdYoFHA==":"img-6351-453x272.jpeg","G6fLXULAU5vI+G9/9FuTBw==":"img-6351-720x432.jpg","8E0S/q1lBgmP8G/iH5QL/w==":"img_6350-removebg-preview-147x169.png","lJeSzXNn+WA3yRXRiy8Dug==":"img-6354-576x1024.jpg","1tExT62F3ZVYs8EaN8vLUA==":"img-6353-576x1024.jpg","No0h8DC3x7brosxpOVwSlg==":"img-6352-576x1024.jpg","Fijlc053H6vWpFb8OYLXSA==":"img-6350-332x382.jpg","lRBJcUrK9oDKAyzy5i89bg==":"unknown-4-512x512.jpg"}